{
    "rmse": 0.9956396271112409,
    "mae": 0.7822490646384116
}