{
    "rmse": 0.9942129069637426,
    "mae": 0.7802891787219137
}