{
    "rmse": 1.0158266895792085,
    "mae": 0.8072574503451044
}