{
    "rmse": 0.9777345902642306,
    "mae": 0.7671904505193233
}