{
    "rmse": 0.9825351965526947,
    "mae": 0.7732179462313652
}