{
    "rmse": 1.0148065046469448,
    "mae": 0.806287057772297
}